{"_runtime":123.951643264,"_step":9,"_wandb":{"runtime":128},"evaluation_episode":10,"evaluation_reward":1371.4877411026218,"_timestamp":1.73448822855761e+09}