{"_runtime":8.265451504,"_wandb":{"runtime":8},"_step":29,"evaluation_episode":30,"evaluation_reward":1541.2533524702633,"_timestamp":1.7344390886781907e+09}