{"_runtime":64.985604049,"_step":29,"_wandb":{"runtime":64},"evaluation_episode":30,"evaluation_reward":1298.8043452746901,"_timestamp":1.7344394887199101e+09}