{"evaluation_reward":1263.2555586361757,"_timestamp":1.7344403471130526e+09,"_runtime":28.637485489,"_step":29,"_wandb":{"runtime":28},"evaluation_episode":30}