{"evaluation_episode":3,"evaluation_reward":2940.758285347888,"_timestamp":1.7344367928613336e+09,"_wandb":{"runtime":15},"_runtime":15.981666552,"_step":2}