{"_wandb":{"runtime":20},"evaluation_episode":3,"evaluation_reward":-0.9890617765544129,"_timestamp":1.73443790069853e+09,"_runtime":20.397762579,"_step":2}