{"_timestamp":1.7344389530358288e+09,"_runtime":34.36281163,"_step":2,"_wandb":{"runtime":34},"evaluation_episode":3,"evaluation_reward":1544.2962014421482}