{"_timestamp":1.7344407886922138e+09,"_wandb":{"runtime":127},"_runtime":122.557017391,"_step":9,"evaluation_episode":10,"evaluation_reward":1259.8664456434367}