{"_step":9,"_wandb":{"runtime":129},"evaluation_episode":10,"evaluation_reward":1337.043568072968,"_timestamp":1.7344865834976149e+09,"_runtime":124.695442669}