{"_timestamp":1.7344368560579994e+09,"_runtime":51.593077469,"_step":2,"_wandb":{"runtime":51},"evaluation_episode":3,"evaluation_reward":3611.2323233563934}