{"_wandb":{"runtime":5},"_timestamp":1.7344379303580508e+09,"_runtime":5.359054837,"_step":2,"evaluation_episode":3,"evaluation_reward":2.4574502170767927}