{"_timestamp":1.7344986797251246e+09,"_runtime":125.936511032,"_step":9,"evaluation_episode":10,"evaluation_reward":1412.278429556677,"_wandb":{"runtime":130}}