{"evaluation_reward":1360.2488628430212,"_wandb":{"runtime":130},"_timestamp":1.7344938014943304e+09,"_runtime":125.768847891,"_step":9,"evaluation_episode":10}